<?xml version="1.0" encoding="UTF-8" standalone="yes"?>
<addon id="repository.Tonino8bitRepo" name="Tonino8bit's Repo" version="0.0.1" provider-name="Tonino(bit">
	<extension point="xbmc.addon.repository" name="Tonino8bit's Repo">
		<dir>
			<info compressed="false">https://raw.githubusercontent.com/noobsandnerds/modules4all/master/zips/addons.xml</info>
			<checksum>https://raw.githubusercontent.com/noobsandnerds/modules4all/master/zips/addons.xml.md5</checksum>
			<datadir zip="true">https://raw.githubusercontent.com/noobsandnerds/modules4all/master/zips/</datadir>
		</dir>
		<info compressed="false">https://raw.githubusercontent.com/Tonino8bit/repository.Tonino8bitRepo/master/zips/addons.xml</info>
		<checksum>https://raw.githubusercontent.com/Tonino8bit/repository.Tonino8bitRepo/master/zips/addons.xml.md5</checksum>
		<datadir zip="true">https://raw.githubusercontent.com/Tonino8bit/repository.Tonino8bitRepo/master/zips/</datadir>
	</extension>
	<extension point="xbmc.addon.metadata">
		<summary lang="en">####</summary>
		<description lang="en">####</description>
		<genre>anime,italian</genre>
	</extension>
</addon>